 {
  "level2Background": [
    { "image": "level2(1)","x": 0, "y": 1700 }
  ],
  "level2Main": [
    { "image": "level2(1)","x": 0, "y": 1700}
  ],
  "level2Collision": [
    { "image": "pixel", "x": 0, "y": 5859},
    { "image": "pixel", "x": 357, "y": 5859},
    { "image": "pixel", "x": 0, "y": 5495},
    { "image": "pixel", "x": 0, "y": 5443},
    { "image": "pixel", "x": 1314, "y": 5748},
    { "image": "pixel", "x": 1929, "y": 5799},
    { "image": "pixel", "x": 1995, "y": 5748},
    { "image": "pixel", "x": 0, "y": 5479}

  ],
  "level2Droids": [
    { "image": "droid", "x": 1250, "y": 5800},
    { "image": "droid", "x": 2300, "y": 5800}

  ]
}
