{"frames": [

{
	"filename": "tile000.png",
	"frame": {"x":0,"y":0,"w":800,"h":300},
	"rotated": false,
	"trimmed": false,
	"spriteSourceSize": {"x":0,"y":0,"w":800,"h":300},
	"sourceSize": {"w":800,"h":300}
},
{
	"filename": "tile001.png",
	"frame": {"x":0,"y":300,"w":800,"h":300},
	"rotated": false,
	"trimmed": false,
	"spriteSourceSize": {"x":0,"y":0,"w":800,"h":300},
	"sourceSize": {"w":800,"h":300}
},
{
	"filename": "tile002.png",
	"frame": {"x":0,"y":600,"w":800,"h":300},
	"rotated": false,
	"trimmed": false,
	"spriteSourceSize": {"x":0,"y":0,"w":800,"h":300},
	"sourceSize": {"w":800,"h":300}
}],
"meta": {
	"app": "https://www.codeandweb.com/texturepacker",
	"version": "1.0",
	"image": "bathroom.png",
	"format": "RGBA8888",
	"size": {"w":800,"h":900},
	"scale": "1",
	"smartupdate": "$TexturePacker:SmartUpdate:cb7c770b76f436d853dbee141990bbec:d0743a04657cda0145c6b7d1b9e087d4:616c0945ed1146423f4c6957fcf27787$"
}
}
