{"frames": [

{
	"filename": "tile000.png",
	"frame": {"x":0,"y":0,"w":32,"h":32},
	"rotated": false,
	"trimmed": false,
	"spriteSourceSize": {"x":0,"y":0,"w":32,"h":32},
	"sourceSize": {"w":32,"h":32}
},
{
	"filename": "tile001.png",
	"frame": {"x":32,"y":0,"w":32,"h":32},
	"rotated": false,
	"trimmed": false,
	"spriteSourceSize": {"x":0,"y":0,"w":32,"h":32},
	"sourceSize": {"w":32,"h":32}
}],
"meta": {
	"app": "https://www.codeandweb.com/texturepacker",
	"version": "1.0",
	"image": "droid.png",
	"format": "RGBA8888",
	"size": {"w":64,"h":32},
	"scale": "1",
	"smartupdate": "$TexturePacker:SmartUpdate:51f10de0778df957a643b4059367710b:10dec9ef361c68324ff988b7f66b30e0:76e9999c36e5ae0ec9dc47faf8387613$"
}
}
