{"frames": [

{
	"filename": "sprite_0.png",
	"frame": {"x":0,"y":0,"w":9,"h":9},
	"rotated": false,
	"trimmed": false,
	"spriteSourceSize": {"x":0,"y":0,"w":9,"h":9},
	"sourceSize": {"w":9,"h":9}
},
{
	"filename": "sprite_1.png",
	"frame": {"x":9,"y":0,"w":9,"h":9},
	"rotated": false,
	"trimmed": false,
	"spriteSourceSize": {"x":0,"y":0,"w":9,"h":9},
	"sourceSize": {"w":9,"h":9}
},
{
	"filename": "sprite_2.png",
	"frame": {"x":18,"y":0,"w":9,"h":9},
	"rotated": false,
	"trimmed": false,
	"spriteSourceSize": {"x":0,"y":0,"w":9,"h":9},
	"sourceSize": {"w":9,"h":9}
},
{
	"filename": "sprite_3.png",
	"frame": {"x":27,"y":0,"w":9,"h":9},
	"rotated": false,
	"trimmed": false,
	"spriteSourceSize": {"x":0,"y":0,"w":9,"h":9},
	"sourceSize": {"w":9,"h":9}
}],
"meta": {
	"app": "https://www.codeandweb.com/texturepacker",
	"version": "1.0",
	"image": "stars.png",
	"format": "RGBA8888",
	"size": {"w":36,"h":9},
	"scale": "1",
	"smartupdate": "$TexturePacker:SmartUpdate:465ae707f460091287bcc0bd8f52082b:d9aee4757ef332709170239ed767a9f5:35785538339b2ab69d61a4ffdc54ccf7$"
}
}
